PDB ID,Res ID,Res Name,pKa,Chain
135L,7,GLU,3.3242099669482275,A
135L,18,ASP,1.3994160116751146,A
135L,35,GLU,5.3950239066692385,A
135L,52,ASP,4.281022439914956,A
135L,119,ASP,1.7204111772851842,A
1A6K,12,HIS,6.637302778105685,A
1A6K,24,HIS,4.57001771224425,A
1A6K,36,HIS,7.944717158614715,A
1A6K,48,HIS,4.935213231539102,A
1A6K,81,HIS,6.8483740707189975,A
1A6K,97,HIS,4.236466577979273,A
1A6K,113,HIS,6.135810492570418,A
1A6K,116,HIS,5.85659443560221,A
1A6K,119,HIS,6.788591923535563,A
1A91,2,GLU,3.9964385303906864,A
1A91,7,ASP,4.4490814752255545,A
1A91,37,GLU,4.105746540390716,A
1A91,44,ASP,3.7697055885169495,A
1A91,61,ASP,4.581524936601476,A
1ANS,20,GLU,4.340759592723488,A
1B2X,8,ASP,2.7581196267497705,A
1B2X,12,ASP,3.756171381235163,A
1B2X,18,HIS,7.973036137463808,A
1B2X,22,ASP,3.728281206313657,A
1B2X,29,GLU,3.5866038349733933,A
1B2X,44,ASP,3.9702824351897377,A
1B2X,60,GLU,3.3139742327014177,A
1B2X,73,GLU,5.012970929578356,A
1B2X,75,ASP,3.9917450547947633,A
1B2X,86,ASP,3.159099622880585,A
1B2X,102,HIS,6.836349242069797,A
1BCX,78,GLU,5.130110778348242,A
1BHC,3,ASP,3.0786162554183933,J
1BHC,7,GLU,4.225163369584517,J
1BHC,15,LYS,10.418593068668915,J
1BHC,26,LYS,10.51896322460765,J
1BHC,41,LYS,10.217429520707418,J
1BHC,46,LYS,10.143829497474384,J
1BHC,49,GLU,3.743508263300073,J
1BHC,50,ASP,2.210900361765865,J
1BI6,1,GLU,4.0001881606930825,H
1BI6,2,GLU,3.709817663936557,H
1BI6,9,ASP,3.83293252337581,H
1BI6,13,ASP,3.316484957427986,H
1BI6,24,GLU,4.458182083372347,H
1BI6,32,ASP,3.053796516504916,H
1BI6,38,ASP,3.944971168311116,H
1BI6,5,GLU,4.0727106495168135,L
1BNI,8,ASP,2.8677272412085624,B
1BNI,12,ASP,4.017384296916166,B
1BNI,18,HIS,8.011892697248953,B
1BNI,22,ASP,3.397607885160467,B
1BNI,29,GLU,3.6509007019249182,B
1BNI,44,ASP,3.8289580295235233,B
1BNI,60,GLU,3.24464226068309,B
1BNI,73,GLU,5.036313372880186,B
1BNI,86,ASP,3.3515760549503546,B
1BNI,102,HIS,6.885498361483272,B
1BNZ,11,GLU,4.017456504993285,A
1BNZ,12,GLU,3.5363083153949826,A
1BNZ,16,ASP,2.632405801864444,A
1BNZ,35,ASP,1.868446939568453,A
1BNZ,36,GLU,3.871179398847147,A
1BNZ,48,GLU,3.314143774686173,A
1BNZ,50,ASP,3.268062905442283,A
1BNZ,54,GLU,3.235642544445456,A
1BNZ,60,GLU,4.1624873482619735,A
1BPI,3,ASP,3.039456736264804,A
1BPI,15,LYS,10.359776753719233,A
1BPI,26,LYS,10.562512896198989,A
1BPI,41,LYS,10.321177225058193,A
1BPI,46,LYS,10.227616783078672,A
1BPI,49,GLU,3.6217900609079217,A
1BPI,50,ASP,2.1401697563311766,A
1BVI,3,ASP,3.0815813620517085,B
1BVI,15,ASP,3.073337467240817,B
1BVI,27,HIS,6.944237928158167,B
1BVI,28,GLU,5.094138749594838,B
1BVI,29,ASP,4.4970074786129315,B
1BVI,31,GLU,4.204660723190023,B
1BVI,40,HIS,7.692651945927485,B
1BVI,46,GLU,4.593593679522232,B
1BVI,49,ASP,3.763820611296497,B
1BVI,58,GLU,4.688384061347984,B
1BVI,66,ASP,3.026491854130204,B
1BVI,82,GLU,3.1290677354142846,B
1BVI,92,HIS,7.437109166662017,B
1BVI,102,GLU,5.238399564402385,B
1CDC,25,ASP,3.3878217255564342,A
1CDC,26,ASP,3.3733768368704395,A
1CDC,28,ASP,3.1661149669541166,A
1CDC,29,GLU,3.5771451417816804,A
1CDC,33,GLU,3.6154463993875328,A
1CDC,41,GLU,3.790645121248573,A
1CDC,56,GLU,3.3216924996766264,A
1CDC,62,ASP,3.686429132574651,A
1CDC,71,ASP,3.0212975742888446,A
1CDC,72,ASP,4.8027491373439934,A
1CDC,94,ASP,3.059791011341681,A
1CDC,99,GLU,4.519221365115612,A
1DE3,9,ASP,1.979276424933151,A
1DE3,19,GLU,3.392445998111482,A
1DE3,31,GLU,3.3447428051599033,A
1DE3,35,HIS,6.468527482288987,A
1DE3,36,HIS,7.003786974652817,A
1DE3,50,HIS,7.582296683754665,A
1DE3,57,ASP,2.7627707603737988,A
1DE3,59,ASP,3.0620042687697224,A
1DE3,75,ASP,2.4318125881212524,A
1DE3,82,HIS,6.167764712592084,A
1DE3,85,ASP,3.292700549595992,A
1DE3,92,HIS,7.045360642150881,A
1DE3,96,GLU,4.0870792614590385,A
1DE3,104,HIS,6.250693690794869,A
1DE3,109,ASP,2.8676061607532346,A
1DE3,115,GLU,3.4626440683944346,A
1DE3,137,HIS,5.738570265375812,A
1DE3,140,GLU,2.153725623338325,A
1DE3,144,GLU,3.2335281531927427,A
1DE3,150,HIS,6.0956377648908,A
1DG9,66,HIS,8.213476810160065,A
1DG9,72,HIS,6.695494698327894,A
1DIV,8,ASP,2.633844307119838,A
1DIV,17,GLU,3.4317787537741737,A
1DIV,23,ASP,3.061467842269628,A
1DIV,38,GLU,3.6603311411347033,A
1DIV,48,GLU,3.8569273615818345,A
1DIV,54,GLU,3.909302814221248,A
1DUK,81,HIS,6.599948355624659,A
1DWR,36,HIS,8.12488608368869,A
1DWR,48,HIS,5.592350911960366,A
1DWR,81,HIS,6.959525802416503,A
1DWR,113,HIS,6.2212739083582935,A
1DWR,116,HIS,5.917049459700492,A
1DWR,119,HIS,6.784473944493552,A
1EGF,11,ASP,3.5368070560603417,A
1EGF,24,GLU,3.160707627891551,A
1EGF,27,ASP,3.9766415027656383,A
1EGF,40,ASP,3.3505146245699198,A
1EGF,46,ASP,2.8380545855444907,A
1EPH,22,HIS,6.954127160609682,A
1ERT,6,GLU,4.53878647500151,A
1ERT,13,GLU,4.623231797736125,A
1ERT,16,ASP,4.04107039565471,A
1ERT,26,ASP,7.95893033763333,A
1ERT,47,GLU,4.3398653960925815,A
1ERT,56,GLU,3.9757166428724378,A
1ERT,58,ASP,4.702285722258932,A
1ERT,60,ASP,2.5224103335216137,A
1ERT,61,ASP,4.076540186375515,A
1ERT,64,ASP,2.732596934652708,A
1ERT,68,GLU,4.233249676826287,A
1ERT,70,GLU,5.10414018498706,A
1ERT,88,GLU,3.512705149517778,A
1ERT,95,GLU,4.021915146606562,A
1ERT,98,GLU,3.4852778359233705,A
1ERT,103,GLU,4.598845575811413,A
1EX3,102,ASP,5.62864696943792,A
1EX3,194,ASP,2.034884787040056,A
1FKS,87,HIS,6.397138145366433,A
1FKS,94,HIS,7.052013758375425,A
1PGA,19,GLU,4.303845129938229,A
1PGA,42,GLU,4.275910934137009,A
1PPF,13,LYS,10.947628346581444,I
1PPF,29,LYS,11.03405961695804,I
1PPF,34,LYS,9.690117024104564,I
1PPF,55,LYS,10.35302327144564,I
1QH7,5,ASP,3.006141659919469,A
1QH7,11,HIS,5.2720870379253935,A
1QH7,12,ASP,3.2339050846849893,A
1QH7,15,ASP,1.9531732633901775,A
1QH7,17,GLU,3.6607169857555792,A
1QH7,21,ASP,2.641023658951648,A
1QH7,32,HIS,6.512321199558812,A
1QH7,56,GLU,3.838193129256595,A
1QH7,60,HIS,4.100758671409394,A
1QH7,90,ASP,3.793865628710487,A
1QH7,94,GLU,5.3866912011809065,A
1QH7,126,GLU,3.0057404587532823,A
1QH7,167,GLU,4.7182888628402155,A
1QH7,178,GLU,3.2224923202942537,A
1QH7,184,GLU,6.0203817902724825,A
1RGG,54,GLU,4.281193725243729,A
1SAP,11,GLU,3.9781257901264646,A
1SAP,12,GLU,3.5612760707784856,A
1SAP,14,GLU,3.1350415991290266,A
1SAP,16,ASP,2.1407267409145034,A
1SAP,35,ASP,2.3293133505261685,A
1SAP,36,ASP,2.9672459476975184,A
1SAP,47,GLU,3.5751263668241,A
1SAP,49,ASP,3.1833886349631464,A
1SAP,53,GLU,3.738505538650185,A
1SAP,56,ASP,3.573800292354666,A
1SAP,62,GLU,3.7740013290551095,A
1SAP,64,GLU,3.767702813650309,A
1STG,8,HIS,6.4332936824450195,A
1STG,46,HIS,4.691990975004028,A
1STG,124,HIS,5.654136264986055,A
1STN,10,GLU,3.892230439021168,A
1STN,40,ASP,3.0221662299861425,A
1STN,43,GLU,3.4326054568876465,A
1STN,52,GLU,3.1625486655377717,A
1STN,57,GLU,3.6906514445871283,A
1STN,67,GLU,4.274976028347437,A
1STN,73,GLU,3.814552986295404,A
1STN,75,GLU,3.613454193442796,A
1STN,101,GLU,2.94028237369351,A
1STN,121,HIS,6.156088088599317,A
1STN,122,GLU,4.676261419224812,A
1STN,129,GLU,4.071615933222996,A
1STN,135,GLU,4.1122360602680486,A
1TRS,6,GLU,4.4348785631579055,A
1TRS,13,GLU,4.57997488891079,A
1TRS,16,ASP,4.051450177771502,A
1TRS,20,ASP,3.038373747075501,A
1TRS,47,GLU,4.328723699474617,A
1TRS,56,GLU,3.5575321309847387,A
1TRS,58,ASP,4.917307730628966,A
1TRS,60,ASP,2.2474108385546483,A
1TRS,61,ASP,3.7410343930104064,A
1TRS,64,ASP,2.716151620981164,A
1TRS,68,GLU,4.022678599548223,A
1TRS,70,GLU,5.170009824868148,A
1TRS,88,GLU,3.479797802434529,A
1TRS,95,GLU,3.7462701305068795,A
1TRS,98,GLU,3.675024394343709,A
1TRS,103,GLU,4.631778510040754,A
1UBQ,16,GLU,4.070313016913866,A
1UBQ,18,GLU,2.5430691041785587,A
1UBQ,21,ASP,5.745566656551423,A
1UBQ,24,GLU,4.4856786897708565,A
1UBQ,32,ASP,4.079748774501923,A
1UBQ,34,GLU,3.8501595960093806,A
1UBQ,39,ASP,3.0262550827888512,A
1UBQ,51,GLU,3.1414720528518463,A
1UBQ,52,ASP,1.027913566605795,A
1UBQ,58,ASP,2.7170380829522816,A
1UBQ,64,GLU,4.368086820839542,A
1XNB,4,ASP,3.997544315522597,A
1XNB,11,ASP,3.0283178683687524,A
1XNB,106,ASP,3.5583842171987117,A
1XNB,119,ASP,3.5685809664129002,A
1XNB,121,ASP,3.3404613048286644,A
1XNB,172,GLU,7.2148148817042514,A
1YGW,3,ASP,2.76310432537822,A
1YGW,15,ASP,2.7875825124478464,A
1YGW,27,HIS,6.7860854361819625,A
1YGW,28,GLU,5.118427444653921,A
1YGW,29,ASP,4.4182112478386255,A
1YGW,31,GLU,4.357341337649607,A
1YGW,40,HIS,7.48862191855934,A
1YGW,46,GLU,4.856982783968451,A
1YGW,49,ASP,3.985655267635227,A
1YGW,58,GLU,4.762549852490557,A
1YGW,66,ASP,3.2975110559283034,A
1YGW,82,GLU,3.2107589650660238,A
1YGW,92,HIS,7.0243989142740055,A
1YGW,102,GLU,4.371001719594135,A
1YPH,57,HIS,5.945347753223968,C
1YPH,102,ASP,3.66549832397414,C
1GB1,15,GLU,4.038528501862955,A
1GB1,22,ASP,2.1271432624492843,A
1GB1,27,GLU,4.482632556620012,A
1GB1,36,ASP,4.447584600418202,A
1GB1,40,ASP,3.2501800709995003,A
1GB1,46,ASP,2.971203062336897,A
1GB1,47,ASP,2.8305263128569584,A
1GB1,56,GLU,4.2873041079539504,A
1GS9,69,LYS,11.108863177944428,A
1GS9,72,LYS,10.673601020595363,A
1GS9,75,LYS,9.433092071679546,A
1GS9,95,LYS,10.44127167515958,A
1GS9,143,LYS,10.022452171942232,A
1GS9,146,LYS,9.906689378974429,A
1GS9,157,LYS,10.95067730338658,A
1H4G,5,ASP,3.0202015443425005,B
1H4G,11,HIS,5.13564416016636,B
1H4G,12,ASP,3.2754184128511383,B
1H4G,15,ASP,2.2216331558033686,B
1H4G,17,GLU,3.019440267506209,B
1H4G,21,ASP,2.728104062242899,B
1H4G,32,HIS,6.442796864836304,B
1H4G,56,GLU,4.614155557019211,B
1H4G,60,HIS,4.081237269671108,B
1H4G,90,ASP,4.227260353939313,B
1H4G,94,GLU,5.652558815185778,B
1H4G,126,GLU,3.070822031987922,B
1H4G,167,GLU,4.426525908983389,B
1H4G,178,GLU,3.3478141920371187,B
1H4G,184,GLU,5.902456589740491,B
1HIC,5,ASP,3.5676507271667006,A
1HIC,8,GLU,4.039432554849873,A
1HIC,17,GLU,3.9765625699544285,A
1HIC,33,ASP,3.84277898193745,A
1HIC,35,GLU,4.1739490723382655,A
1HIC,43,GLU,3.898763924643436,A
1HNG,2,ASP,3.2339978471742614,A
1HNG,25,ASP,3.345091165689322,A
1HNG,26,ASP,3.1280032634688104,A
1HNG,28,ASP,2.074501813791696,A
1HNG,29,GLU,2.9397440997854303,A
1HNG,33,GLU,4.4004836817579065,A
1HNG,41,GLU,4.1642146485521545,A
1HNG,56,GLU,3.32342491182534,A
1HNG,62,ASP,5.455510402307444,A
1HNG,71,ASP,2.9246415902215657,A
1HNG,72,ASP,4.1857177044190985,A
1HNG,94,ASP,2.891502904268676,A
1HNG,99,GLU,3.6809204858710136,A
1HV0,78,GLU,5.953717002142635,A
1HV0,172,GLU,7.600949886806343,A
1HV1,78,GLU,6.57898962653093,A
1HV1,172,GLU,7.152616001733833,A
1IG5,1,LYS,10.805834973095784,A
1IG5,4,GLU,3.631424768886765,A
1IG5,5,GLU,3.7240742351815332,A
1IG5,7,LYS,11.327697875383828,A
1IG5,11,GLU,4.733833609880514,A
1IG5,12,LYS,11.23435017911756,A
1IG5,16,LYS,11.466524971138172,A
1IG5,25,LYS,10.516309980239518,A
1IG5,26,GLU,3.409866071313981,A
1IG5,29,LYS,11.17703581792333,A
1IG5,41,LYS,10.599600111778415,A
1IG5,47,ASP,3.7243543940244783,A
1IG5,48,GLU,4.518294356747632,A
1IG5,55,LYS,11.583389108741212,A
1IG5,64,GLU,4.2183521578972885,A
1IG5,71,LYS,10.795966594469123,A
1IG5,72,LYS,10.847052490259808,A
1IGC,20,GLU,3.9500445479749695,A
1IGC,27,ASP,1.8435590226833336,A
1IGC,29,GLU,3.981705049032114,A
1IGC,32,GLU,4.554473176457182,A
1IGC,41,ASP,4.411181560355177,A
1IGC,45,ASP,3.4393064187132394,A
1IGC,51,ASP,2.9479478530270598,A
1IGC,52,ASP,2.697824974831525,A
1IGC,61,GLU,4.621768069739787,A
1IGD,24,LYS,10.53137398093525,A
1KF3,2,GLU,3.282628307738205,A
1KF3,12,HIS,7.111743845572515,A
1KF3,38,ASP,2.813888844231456,A
1KF3,49,GLU,3.0718418215940595,A
1KF3,53,ASP,3.6468456692725355,A
1KF3,86,GLU,3.456109977571507,A
1KF3,105,HIS,6.57568844363712,A
1KF3,121,ASP,2.5108766955369464,A
1LNI,1,ASP,4.183682954365121,A
1LNI,14,GLU,3.8952213111525635,A
1LNI,17,ASP,4.568350853872337,A
1LNI,53,HIS,8.854238331157928,A
1LNI,78,GLU,4.0598965413816765,A
1LNI,79,ASP,5.363442178639255,A
1LNI,93,ASP,3.4774267577806364,A
1LSE,1,LYS,10.453100989815082,A
1LSE,7,GLU,3.547546060810808,A
1LSE,13,LYS,10.308715016893652,A
1LSE,18,ASP,2.032886214766136,A
1LSE,33,LYS,10.025108739077416,A
1LSE,35,GLU,5.062332750655783,A
1LSE,48,ASP,1.9085270309101965,A
1LSE,52,ASP,3.965176200546179,A
1LSE,87,ASP,2.023375212249189,A
1LSE,96,LYS,10.482080075823204,A
1LSE,97,LYS,11.005402773947957,A
1LSE,101,ASP,4.1296055759015715,A
1LSE,116,LYS,10.41581727386924,A
1LSE,119,ASP,2.806026572539392,A
1LZ1,78,HIS,7.22912562629896,A
1LZ3,7,GLU,3.4566259727545936,A
1LZ3,18,ASP,1.4246441291367402,A
1LZ3,35,GLU,5.493091749275122,A
1LZ3,52,ASP,4.450437967842111,A
1LZ3,119,ASP,1.7809502493041132,A
1FNA,38,GLU,3.6839904107007615,A
1FNA,47,GLU,3.7800040982398313,A
1FNA,67,ASP,3.509726930978829,A
1FNA,80,ASP,2.9480095051356656,A
1MUT,39,LYS,10.748281066238343,A
2BCA,1,LYS,10.648771000059503,A
2BCA,7,LYS,11.32000880200112,A
2BCA,12,LYS,11.294116998962094,A
2BCA,16,LYS,11.300613453201828,A
2BCA,26,GLU,3.613366050808141,A
2BCA,29,LYS,11.17423098079173,A
2BCA,41,LYS,10.728015567210546,A
2BCA,55,LYS,11.509027864807903,A
2BCA,71,LYS,10.917128427376205,A
2BCA,72,LYS,11.282415424415868,A
2CPL,70,HIS,6.492959630075838,A
2CPL,126,HIS,6.951639056466478,A
2IGH,20,GLU,3.827598602781484,A
2IGH,27,ASP,2.023994717616536,A
2IGH,29,GLU,4.06708645773712,A
2IGH,32,GLU,4.977703628325424,A
2IGH,41,ASP,4.224963237373072,A
2IGH,45,ASP,3.2140838474073496,A
2IGH,51,ASP,2.4017294207062205,A
2IGH,52,ASP,3.7498431872485103,A
2IGH,61,GLU,4.45882303393955,A
2OVO,7,ASP,2.665213276512912,A
2OVO,10,GLU,4.0642631869082795,A
2OVO,13,LYS,10.832856469519145,A
2OVO,19,GLU,3.252773115885942,A
2OVO,27,ASP,4.958878794076862,A
2OVO,29,LYS,11.008787996643814,A
2OVO,34,LYS,9.80767469707224,A
2OVO,43,GLU,4.552018938337321,A
2OVO,55,LYS,10.320088449323043,A
2QMT,15,GLU,3.950968671236826,A
2QMT,19,GLU,4.188910726264642,A
2QMT,22,ASP,2.0900363950011984,A
2QMT,27,GLU,4.320026084681999,A
2QMT,36,ASP,4.469025589352512,A
2QMT,40,ASP,2.9471184668478947,A
2QMT,42,GLU,4.285711065937382,A
2QMT,46,ASP,3.0331097016655417,A
2QMT,47,ASP,2.5660981996786947,A
2QMT,56,GLU,4.340057792537702,A
2ZTA,3,LYS,10.665546991600783,A
2ZTA,6,GLU,4.375810603978514,A
2ZTA,7,ASP,3.8869194431915153,A
2ZTA,8,LYS,10.668833161795826,A
2ZTA,10,GLU,4.483886977805409,A
2ZTA,11,GLU,3.866632824004756,A
2ZTA,15,LYS,10.69713943587162,A
2ZTA,18,HIS,6.373389736253157,A
2ZTA,20,GLU,4.385339393394027,A
2ZTA,22,GLU,3.9395993924119512,A
2ZTA,27,LYS,10.53064734198292,A
2ZTA,28,LYS,10.675243652517995,A
3C1E,119,LYS,5.423333689733453,A
3RN3,9,GLU,3.6671677116004937,A
3RN3,48,HIS,8.056549337638675,A
3RN3,111,GLU,3.6258011297636736,A
3RUZ,68,LYS,6.7618051367386505,A
3SRN,12,HIS,7.036465663145537,A
3SRN,105,HIS,6.393897964097137,A
3SRN,119,HIS,5.982429196489602,B
3SSI,106,HIS,6.754076772842062,A
4HHB,20,HIS,6.890832635552258,A
4HHB,50,HIS,6.39808597248037,A
4HHB,72,HIS,7.7597904555045965,A
4HHB,89,HIS,6.3514247409942195,A
4HHB,112,HIS,7.264272960836389,A
4ICB,1,LYS,10.512254227057387,A
4ICB,4,GLU,3.593141412688241,A
4ICB,5,GLU,3.76868195834465,A
4ICB,7,LYS,11.369946660860867,A
4ICB,11,GLU,4.7086164067593135,A
4ICB,12,LYS,11.296189450183068,A
4ICB,16,LYS,11.48985857983136,A
4ICB,25,LYS,10.39607407405536,A
4ICB,26,GLU,3.5350499013535917,A
4ICB,29,LYS,11.02972253699739,A
4ICB,41,LYS,10.631836648134163,A
4ICB,47,ASP,2.688004146486913,A
4ICB,48,GLU,4.331383484427199,A
4ICB,55,LYS,11.633336928964482,A
4ICB,64,GLU,4.044210695194965,A
4ICB,71,LYS,10.734693608628435,A
4ICB,72,LYS,11.300647697953506,A
4LZT,15,HIS,6.5077369897412805,A
4MBN,36,HIS,7.7388538537864004,A
4MBN,113,HIS,6.015342411743697,A
4MBN,116,HIS,5.876704974189433,A
4MBN,119,HIS,6.702863669296242,A
6GST,83,HIS,6.7153877361494025,A
6GST,84,HIS,7.130323902497814,A
6GST,167,HIS,6.5308048723796395,A
4HMI,93,LYS,5.8,A
